Wall time,Step,Value
1531137343.9555783,0,0.7319825291633606
1531137781.8311353,1,0.9099158644676208
1531138206.7339616,2,0.9195701479911804
1531138629.9005432,3,0.9246156811714172
1531139054.212605,4,0.9270365238189697
1531139479.259852,5,0.9287673234939575
1531139910.517728,6,0.9316161274909973
1531140334.5943978,7,0.9336863160133362
1531140758.343586,8,0.9361112117767334
1531141182.107731,9,0.9377651810646057
1531141605.9459026,10,0.9393090009689331
1531142041.8179898,11,0.9401187896728516
1531142467.2579372,12,0.9426589012145996
1531142892.042603,13,0.9440115094184875
1531143318.1006837,14,0.9457957148551941
1531143744.7246733,15,0.9474126696586609
1531144171.2066998,16,0.9489837288856506
1531144598.8919005,17,0.9503071308135986
1531145025.4024723,18,0.9516159296035767
1531145452.9373846,19,0.9527798295021057
1531145879.5118463,20,0.9546607136726379
1531146318.3712354,21,0.9559118747711182
1531146745.3836946,22,0.9570210576057434
1531147172.5111852,23,0.957848072052002
1531147600.6999247,24,0.9585211277008057
1531148027.9820323,25,0.9588949084281921
1531148456.4569037,26,0.9597657322883606
1531148884.2870247,27,0.9616814851760864
1531149312.224121,28,0.961735188961029
1531149740.1028695,29,0.9622309803962708
1531150168.3201847,30,0.963089644908905
1531150608.9372334,31,0.9639011025428772
1531151037.7448082,32,0.9644851088523865
1531151473.4641888,33,0.9649696946144104
1531151903.232989,34,0.9654164910316467
1531152341.0146453,35,0.9658603072166443
1531152771.6289108,36,0.966101348400116
1531153214.5999806,37,0.9665796160697937
1531153646.220608,38,0.9669628739356995
1531154078.5053613,39,0.9673277735710144
1531154517.402099,40,0.9682896733283997
1531154965.6150277,41,0.9681923389434814
1531155396.2657392,42,0.9682251811027527
1531155827.1877947,43,0.9694668650627136
1531156257.0199356,44,0.9690933227539062
1531156689.4374986,45,0.9697195887565613
1531157120.1627264,46,0.970060408115387
1531157550.187797,47,0.9702345728874207
1531157980.8096597,48,0.970604658126831
1531158411.430576,49,0.9707054495811462
