Wall time,Step,Value
1531137402.924852,0,0.9086035490036011
1531137836.1568854,1,0.9219434261322021
1531138260.982736,2,0.9274044632911682
1531138684.2293046,3,0.9294093251228333
1531139109.0242,4,0.9290773868560791
1531139533.6935647,5,0.9318931698799133
1531139964.8124864,6,0.932029128074646
1531140388.8991687,7,0.9329884648323059
1531140812.721304,8,0.9329134821891785
1531141236.517454,9,0.9347437024116516
1531141660.3756177,10,0.9354866147041321
1531142096.3536594,11,0.9348549842834473
1531142521.8726087,12,0.9352306127548218
1531142946.6082754,13,0.9344894289970398
1531143372.821311,14,0.9358800649642944
1531143799.483298,15,0.9347981810569763
1531144225.9403198,16,0.9350739121437073
1531144653.7804728,17,0.9373580813407898
1531145080.1960726,18,0.9379123449325562
1531145507.8579588,19,0.9377725720405579
1531145934.2954504,20,0.9398882389068604
1531146373.273789,21,0.9384954571723938
1531146800.172296,22,0.9401540756225586
1531147227.460754,23,0.9399304389953613
1531147655.6194725,24,0.9405063986778259
1531148082.8116229,25,0.9405648708343506
1531148511.4454434,26,0.9410392642021179
1531148939.2165823,27,0.9421690702438354
1531149367.2746525,28,0.9410735964775085
1531149795.1044037,29,0.9426171183586121
1531150223.33273,30,0.9423152804374695
1531150664.2116933,31,0.9435286521911621
1531151093.0482457,32,0.9440781474113464
1531151528.7936187,33,0.9435638785362244
1531151958.581413,34,0.9438754916191101
1531152396.425061,35,0.944334864616394
1531152826.8983457,36,0.9443516135215759
1531153269.9084034,37,0.9444321990013123
1531153701.6090326,38,0.9453261494636536
1531154133.8507879,39,0.9451671242713928
1531154573.3903184,40,0.9455782175064087
1531155020.930457,41,0.9457707405090332
1531155451.5211933,42,0.9465333819389343
1531155882.3852656,43,0.9453676342964172
1531156312.1264362,44,0.9456788897514343
1531156744.6869547,45,0.9462851881980896
1531157175.450169,46,0.9448140859603882
1531157605.5562282,47,0.9466771483421326
1531158036.0930922,48,0.94686359167099
1531158466.9199688,49,0.9463762044906616
